{
  "backprop" : true,
  "backpropType" : "Standard",
  "cacheMode" : "NONE",
  "confs" : [ {
    "cacheMode" : "NONE",
    "epochCount" : 100,
    "iterationCount" : 0,
    "layer" : {
      "@class" : "org.deeplearning4j.nn.conf.layers.LSTM",
      "activationFn" : {
        "@class" : "org.nd4j.linalg.activations.impl.ActivationTanH"
      },
      "biasInit" : 0.0,
      "biasUpdater" : null,
      "constraints" : null,
      "dist" : null,
      "distRecurrent" : null,
      "forgetGateBiasInit" : 1.0,
      "gateActivationFn" : {
        "@class" : "org.nd4j.linalg.activations.impl.ActivationSigmoid"
      },
      "gradientNormalization" : "None",
      "gradientNormalizationThreshold" : 1.0,
      "idropout" : null,
      "iupdater" : {
        "@class" : "org.nd4j.linalg.learning.config.Sgd",
        "learningRate" : 0.001
      },
      "l1" : 0.0,
      "l1Bias" : 0.0,
      "l2" : 0.0,
      "l2Bias" : 0.0,
      "layerName" : "layer0",
      "nin" : 173,
      "nout" : 128,
      "pretrain" : false,
      "weightInit" : "XAVIER",
      "weightInitRecurrent" : null,
      "weightNoise" : null
    },
    "maxNumLineSearchIterations" : 5,
    "miniBatch" : true,
    "minimize" : true,
    "optimizationAlgo" : "STOCHASTIC_GRADIENT_DESCENT",
    "pretrain" : false,
    "seed" : 12345,
    "stepFunction" : null,
    "variables" : [ "W", "RW", "b" ]
  }, {
    "cacheMode" : "NONE",
    "epochCount" : 100,
    "iterationCount" : 0,
    "layer" : {
      "@class" : "tech.dubs.dl4j.contrib.attention.conf.RecurrentAttentionLayer",
      "activationFn" : {
        "@class" : "org.nd4j.linalg.activations.impl.ActivationSigmoid"
      },
      "biasInit" : 0.0,
      "biasUpdater" : null,
      "constraints" : null,
      "dist" : null,
      "distRecurrent" : null,
      "gradientNormalization" : "None",
      "gradientNormalizationThreshold" : 1.0,
      "idropout" : null,
      "iupdater" : {
        "@class" : "org.nd4j.linalg.learning.config.Sgd",
        "learningRate" : 0.001
      },
      "l1" : 0.0,
      "l1Bias" : 0.0,
      "l2" : 0.0,
      "l2Bias" : 0.0,
      "layerName" : "layer1",
      "nin" : 128,
      "nout" : 128,
      "pretrain" : false,
      "weightInit" : "XAVIER",
      "weightInitRecurrent" : null,
      "weightNoise" : null
    },
    "maxNumLineSearchIterations" : 5,
    "miniBatch" : true,
    "minimize" : true,
    "optimizationAlgo" : "STOCHASTIC_GRADIENT_DESCENT",
    "pretrain" : false,
    "seed" : 12345,
    "stepFunction" : null,
    "variables" : [ "W", "WQ", "b", "WR", "WQR", "bQ" ]
  }, {
    "cacheMode" : "NONE",
    "epochCount" : 100,
    "iterationCount" : 0,
    "layer" : {
      "@class" : "org.deeplearning4j.nn.conf.layers.RnnOutputLayer",
      "activationFn" : {
        "@class" : "org.nd4j.linalg.activations.impl.ActivationSigmoid"
      },
      "biasInit" : 0.0,
      "biasUpdater" : null,
      "constraints" : null,
      "dist" : null,
      "gradientNormalization" : "None",
      "gradientNormalizationThreshold" : 1.0,
      "hasBias" : true,
      "idropout" : null,
      "iupdater" : {
        "@class" : "org.nd4j.linalg.learning.config.Sgd",
        "learningRate" : 0.001
      },
      "l1" : 0.0,
      "l1Bias" : 0.0,
      "l2" : 0.0,
      "l2Bias" : 0.0,
      "layerName" : "layer2",
      "lossFn" : {
        "@class" : "org.nd4j.linalg.lossfunctions.impl.LossMSE",
        "configProperties" : false,
        "numOutputs" : -1
      },
      "nin" : 128,
      "nout" : 173,
      "pretrain" : false,
      "weightInit" : "XAVIER",
      "weightNoise" : null
    },
    "maxNumLineSearchIterations" : 5,
    "miniBatch" : true,
    "minimize" : true,
    "optimizationAlgo" : "STOCHASTIC_GRADIENT_DESCENT",
    "pretrain" : false,
    "seed" : 12345,
    "stepFunction" : null,
    "variables" : [ "W", "b" ]
  } ],
  "epochCount" : 100,
  "inferenceWorkspaceMode" : "ENABLED",
  "inputPreProcessors" : { },
  "iterationCount" : 30000,
  "pretrain" : false,
  "tbpttBackLength" : 20,
  "tbpttFwdLength" : 20,
  "trainingWorkspaceMode" : "ENABLED"
}